Column Name	cluster	
DP02_0124PE	Ancestry	
DP02_0125PE	Ancestry	
DP02_0126PE	Ancestry	
DP02_0127PE	Ancestry	
DP02_0128PE	Ancestry	
DP02_0129PE	Ancestry	
DP02_0130PE	Ancestry	
DP02_0131PE	Ancestry	
DP02_0132PE	Ancestry	
DP02_0133PE	Ancestry	
DP02_0134PE	Ancestry	
DP02_0135PE	Ancestry	
DP02_0136PE	Ancestry	
DP02_0137PE	Ancestry	
DP02_0138PE	Ancestry	
DP02_0139PE	Ancestry	
DP02_0140PE	Ancestry	
DP02_0141PE	Ancestry	
DP02_0142PE	Ancestry	
DP02_0143PE	Ancestry	
DP02_0144PE	Ancestry	
DP02_0145PE	Ancestry	
DP02_0146PE	Ancestry	
DP02_0147PE	Ancestry	
DP02_0148PE	Ancestry	
DP02_0149PE	Ancestry	
DP02_0150PE	Ancestry	
DP02_0151PE	Ancestry	
DP04_0038PE	House	
DP04_0040PE	House	
DP04_0041PE	House	
DP04_0042PE	House	
DP04_0043PE	House	
DP04_0044PE	House	
DP04_0039PE	House	
DP05_0106PE	Demographic	
DP05_0108PE	Demographic	
DP05_0107PE	Demographic	
DP03_0046PE	Labor force	class of worker
DP03_0048PE	Labor force	class of worker
DP03_0047PE	Labor force	class of worker
DP03_0049PE	Labor force	class of worker
DP03_0050PE	Labor force	
DP03_0018PE	Life style	
DP03_0020PE	Life style	
DP03_0019PE	Life style	Commuting
DP03_0023PE	Life style	Commuting
DP03_0021PE	Life style	Commuting
DP03_0022PE	Life style	Commuting
DP03_0024PE	Life style	Commuting
DP02_0152PE	Digital access	General
DP02_0154PE	Digital access	General
DP02_0153PE	Digital access	General
DP02_0075PE	Disability	
DP02_0076PE	Disability	
DP02_0077PE	Disability	
DP02_0078PE	Disability	
DP02_0071PE	Disability	
DP02_0072PE	Disability	
DP02_0073PE	Disability	
DP02_0074PE	Disability	Disability prevalence
DP02_0059PE	Education	
DP02_0061PE	Education	Educational attainment
DP02_0064PE	Education	Educational attainment
DP02_0065PE	Education	Educational attainment
DP02_0068PE	Education	Educational attainment
DP02_0066PE	Education	Educational attainment
DP02_0062PE	Education	Educational attainment
DP02_0067PE	Education	Educational attainment
DP02_0060PE	Education	Educational attainment
DP02_0063PE	Education	Educational attainment
DP03_0008PE	Labor force	
DP03_0009PE	Labor force	status
DP03_0010PE	Labor force	status
DP03_0011PE	Labor force	status
DP03_0012PE	Labor force	status
DP03_0013PE	Labor force	
DP03_0016PE	Labor force	
DP03_0017PE	Labor force	
DP03_0014PE	Labor force	
DP03_0015PE	Labor force	
DP03_0001PE	Labor force	
DP03_0002PE	Labor force	status
DP03_0006PE	Labor force	
DP03_0003PE	Labor force	status
DP03_0004PE	Labor force	status
DP03_0005PE	Labor force	status
DP03_0007PE	Labor force	status
DP02_0037PE	Demographic	
DP02_0041PE	Demographic	
DP02_0040PE	Demographic	
DP02_0042PE	Demographic	
DP02_0043PE	Demographic	
DP02_0038PE	Demographic	
DP02_0039PE	Demographic	
DP02_0044PE	Demographic	
DP02_0045PE	Demographic	Household structure
DP02_0047PE	Demographic	Household structure
DP02_0048PE	Demographic	Household structure
DP02_0049PE	Demographic	Household structure
DP02_0046PE	Demographic	
DP02_0050PE	Demographic	
DP02_0051PE	Demographic	
DP02_0052PE	Demographic	
DP04_0126PE	House	
DP04_0129PE	House	
DP04_0130PE	House	
DP04_0131PE	House	
DP04_0132PE	House	
DP04_0133PE	House	
DP04_0128PE	House	
DP04_0127PE	House	
DP04_0136PE	House	
DP04_0138PE	House	
DP04_0139PE	House	
DP04_0140PE	House	
DP04_0141PE	House	
DP04_0142PE	House	
DP04_0137PE	House	
DP03_0095PE		
DP03_0099PE	Insurance	No insurance
DP03_0096PE	Insurance	
DP03_0097PE	Insurance	Private insurance
DP03_0098PE	Insurance	Public insurance
DP03_0102PE	Insurance	General
DP03_0103PE	Insurance	General
DP03_0104PE	Insurance	General
DP03_0108PE	Insurance	No insurance
DP03_0105PE	Insurance	
DP03_0106PE	Insurance	Private insurance
DP03_0107PE	Insurance	Public insurance
DP03_0109PE	Insurance	General
DP03_0113PE	Insurance	No insurance
DP03_0110PE	Insurance	General
DP03_0111PE	Insurance	
DP03_0112PE	Insurance	
DP03_0114PE	Insurance	General
DP03_0118PE	Insurance	No insurance
DP03_0115PE	Insurance	General
DP03_0116PE	Insurance	Private insurance
DP03_0117PE	Insurance	Public insurance
DP03_0100PE	Insurance	General
DP03_0101PE	Insurance	No insurance
DP05_0089PE	Race	
DP05_0090PE	Race	
DP05_0093PE	Race	
DP05_0091PE	Race	
DP05_0094PE	Race	
DP05_0092PE	Race	
DP05_0095PE	Race	
DP05_0098PE	Race	
DP05_0099PE	Race	
DP05_0097PE	Race	
DP05_0100PE	Race	
DP05_0101PE	Race	
DP05_0102PE	Race	
DP05_0104PE	Race	
DP05_0103PE	Race	
DP05_0096PE	Race	
DP04_0062PE	House	
DP04_0064PE	House	
DP04_0067PE	House	
DP04_0065PE	House	Characteristics
DP04_0066PE	House	
DP04_0071PE	House	
DP04_0070PE	House	
DP04_0069PE	House	
DP04_0063PE	House	
DP04_0068PE	House	Characteristics
DP02_0001PE	Demographic	
DP02_0017PE	Demographic	
DP02_0016PE	Demographic	
DP02_0004PE	Demographic	
DP02_0005PE	Demographic	Household structure
DP02_0010PE	Demographic	
DP02_0012PE	Demographic	
DP02_0013PE	Demographic	Household structure
DP02_0011PE	Demographic	
DP02_0015PE	Demographic	Household structure
DP02_0014PE	Demographic	
DP02_0006PE	Demographic	
DP02_0008PE	Demographic	
DP02_0009PE	Demographic	Household structure
DP02_0007PE	Demographic	
DP02_0002PE	Demographic	
DP02_0003PE	Demographic	
DP04_0001PE	House	Characteristics
DP04_0002PE	House	Characteristics
DP04_0003PE	House	Characteristics
DP04_0045PE	House	
DP04_0046PE	House	
DP04_0047PE	House	
DP03_0075PE	Income	
DP03_0077PE	Income	Low income
DP03_0083PE	Income	High income
DP03_0078PE	Income	Low income
DP03_0084PE	Income	High income
DP03_0085PE	Income	High income
DP03_0079PE	Income	Low income
DP03_0080PE	Income	
DP03_0081PE	Income	
DP03_0082PE	Income	High income
DP03_0076PE	Income	Low income
DP03_0089PE	Income	
DP03_0051PE	Income	
DP03_0053PE	Income	Low income
DP03_0059PE	Income	High income
DP03_0054PE	Income	Low income
DP03_0060PE	Income	High income
DP03_0061PE	Income	High income
DP03_0055PE	Income	
DP03_0056PE	Income	Low income
DP03_0057PE	Income	Low income
DP03_0058PE	Income	High income
DP03_0052PE	Income	Low income
DP03_0072PE	Income	
DP03_0064PE	Income	High income
DP03_0074PE	Income	Hardship
DP03_0068PE	Income	
DP03_0066PE	Income	Hardship
DP03_0070PE	Income	Hardship
DP03_0032PE	Industry	
DP03_0033PE	Industry	
DP03_0043PE	Industry	Type
DP03_0034PE	Industry	
DP03_0042PE	Industry	
DP03_0040PE	Industry	
DP03_0039PE	Industry	Type
DP03_0035PE	Industry	Type
DP03_0044PE	Industry	Type
DP03_0041PE	Industry	Type
DP03_0045PE	Industry	Type
DP03_0037PE	Industry	Type
DP03_0038PE	Industry	Type
DP03_0036PE	Industry	
DP02_0112PE	Language	
DP02_0120PE	Language	
DP02_0121PE	Language	
DP02_0113PE	Language	
DP02_0114PE	Language	
DP02_0115PE	Language	
DP02_0118PE	Language	
DP02_0119PE	Language	
DP02_0122PE	Language	
DP02_0123PE	Language	
DP02_0116PE	Language	
DP02_0117PE	Language	
DP02_0031PE	Demographic	
DP02_0036PE	Demographic	
DP02_0032PE	Demographic	
DP02_0033PE	Demographic	
DP02_0034PE	Demographic	
DP02_0035PE	Demographic	
DP02_0025PE	Demographic	
DP02_0030PE	Demographic	
DP02_0026PE	Demographic	
DP02_0027PE	Demographic	
DP02_0028PE	Demographic	
DP02_0029PE	Demographic	
DP04_0090PE	House	
DP04_0091PE	House	Cost - With mortgage
DP04_0092PE	House	Cost - Without mortgage
DP04_0076PE	House	
DP04_0077PE	House	
DP04_0078PE	House	
DP04_0079PE	House	
DP03_0026PE	Occupation	
DP03_0027PE	Occupation	Type
DP03_0030PE	Occupation	Type
DP03_0031PE	Occupation	Type
DP03_0029PE	Occupation	Type
DP03_0028PE	Occupation	Type
DP03_0119PE	Poverty	
DP03_0125PE	Poverty	
DP03_0126PE	Poverty	
DP03_0127PE	Poverty	
DP03_0122PE	Poverty	
DP03_0123PE	Poverty	Family Structure
DP03_0124PE	Poverty	Family Structure
DP03_0120PE	Poverty	Family Structure
DP03_0121PE	Poverty	Family Structure
DP03_0128PE	Poverty	General
DP03_0133PE	Poverty	General
DP03_0134PE	Poverty	General
DP03_0135PE	Poverty	
DP03_0136PE	Poverty	General
DP03_0129PE	Poverty	Child
DP03_0130PE	Poverty	Child
DP03_0132PE	Poverty	Child
DP03_0131PE	Poverty	Child
DP03_0137PE	Poverty	General
DP02_0088PE	Birth	
DP02_0094PE	Birth	
DP02_0089PE	Birth	
DP02_0093PE	Birth	
DP02_0090PE	Birth	
DP02_0092PE	Birth	
DP02_0091PE	Birth	
DP05_0033PE	Race	
DP05_0036PE	Race	
DP05_0034PE	Race	
DP05_0053PE	Race	
DP05_0054PE	Race	
DP05_0055PE	Race	
DP05_0056PE	Race	
DP05_0057PE	Race	
DP05_0058PE	Race	
DP05_0059PE	Race	
DP05_0060PE	Race	
DP05_0061PE	Race	
DP05_0062PE	Race	
DP05_0063PE	Race	
DP05_0064PE	Race	
DP05_0065PE	Race	
DP05_0066PE	Race	
DP05_0068PE	Race	
DP05_0067PE	Race	
DP05_0045PE	Race	
DP05_0046PE	Race	
DP05_0047PE	Race	
DP05_0048PE	Race	
DP05_0049PE	Race	
DP05_0050PE	Race	
DP05_0052PE	Race	
DP05_0051PE	Race	
DP05_0069PE	Race	
DP05_0070PE	Race	
DP05_0071PE	Race	
DP05_0073PE	Race	
DP05_0072PE	Race	
DP05_0074PE	Race	
DP05_0037PE	Race	
DP05_0038PE	Race	
DP05_0039PE	Race	
DP05_0040PE	Race	
DP05_0041PE	Race	
DP05_0042PE	Race	
DP05_0043PE	Race	
DP05_0044PE	Race	
DP05_0075PE	Race	
DP05_0035PE	Race	
DP05_0080PE	Race	
DP05_0081PE	Race	
DP05_0077PE	Race	
DP05_0078PE	Race	
DP05_0076PE	Race	
DP05_0079PE	Race	
DP05_0082PE	Race	
DP05_0085PE	Race	
DP05_0086PE	Race	
DP05_0084PE	Race	
DP05_0087PE	Race	
DP05_0088PE	Race	
DP05_0083PE	Race	
DP02_0018PE	Relationship	
DP02_0022PE	Relationship	
DP02_0019PE	Relationship	
DP02_0024PE	Relationship	
DP02_0023PE	Relationship	
DP02_0020PE	Relationship	
DP02_0021PE	Relationship	
DP02_0079PE	Mobility	
DP02_0081PE	Mobility	
DP02_0087PE	Mobility	
DP02_0082PE	Mobility	
DP02_0084PE	Mobility	
DP02_0086PE	Mobility	
DP02_0085PE	Mobility	
DP02_0083PE	Mobility	
DP02_0080PE	Mobility	
DP04_0027PE	House	Structure - Rooms
DP04_0028PE	House	Structure - Rooms
DP04_0029PE	House	Structure - Rooms
DP04_0030PE	House	Structure - Rooms
DP04_0031PE	House	
DP04_0032PE	House	Structure - Rooms
DP04_0033PE	House	Structure - Rooms
DP04_0034PE	House	Structure - Rooms
DP04_0035PE	House	Structure - Rooms
DP04_0036PE	House	Structure - Rooms
DP02_0053PE	Education	
DP02_0058PE	Education	
DP02_0056PE	Education	
DP02_0057PE	Education	
DP02_0055PE	Education	
DP02_0054PE	Education	
DP04_0072PE	House	
DP04_0074PE	House	Characteristics
DP04_0073PE	House	Characteristics
DP04_0075PE	House	Characteristics
DP04_0093PE	House	Cost - With mortgage
DP04_0096PE	House	Cost - With mortgage
DP04_0097PE	House	
DP04_0098PE	House	Cost - With mortgage
DP04_0099PE	House	Cost - With mortgage
DP04_0100PE	House	Cost - With mortgage
DP04_0095PE	House	Cost - With mortgage
DP04_0094PE	House	
DP04_0102PE	House	Cost - Without mortgage
DP04_0108PE	House	Cost - Without mortgage
DP04_0104PE	House	Cost - Without mortgage
DP04_0105PE	House	Cost - Without mortgage
DP04_0106PE	House	
DP04_0107PE	House	Cost - Without mortgage
DP04_0103PE	House	Cost - Without mortgage
DP04_0117PE	House	
DP04_0119PE	House	
DP04_0120PE	House	cost burden - Without mortgage
DP04_0121PE	House	cost burden - Without mortgage
DP04_0122PE	House	
DP04_0123PE	House	cost burden - Without mortgage
DP04_0124PE	House	cost burden - Without mortgage
DP04_0118PE	House	cost burden - Without mortgage
DP04_0110PE	House	
DP04_0112PE	House	cost Burden - With mortgage
DP04_0113PE	House	cost Burden - With mortgage
DP04_0114PE	House	cost Burden - With mortgage
DP04_0115PE	House	
DP04_0111PE	House	cost Burden - With mortgage
DP05_0001PE	Demographic	
DP05_0007PE	Demographic	
DP05_0008PE	Demographic	
DP05_0020PE	Demographic	
DP05_0025PE	Demographic	
DP05_0021PE	Demographic	
DP05_0027PE	Demographic	
DP05_0026PE	Demographic	
DP05_0009PE	Demographic	
DP05_0022PE	Demographic	
DP05_0010PE	Demographic	
DP05_0011PE	Demographic	
DP05_0012PE	Demographic	
DP05_0006PE	Demographic	
DP05_0013PE	Demographic	
DP05_0014PE	Demographic	
DP05_0023PE	Demographic	
DP05_0015PE	Demographic	
DP05_0029PE	Demographic	
DP05_0024PE	Demographic	
DP05_0031PE	Demographic	
DP05_0030PE	Demographic	
DP05_0016PE	Demographic	
DP05_0017PE	Demographic	
DP05_0003PE	Demographic	
DP05_0002PE	Demographic	
DP05_0019PE	Demographic	
DP05_0005PE	Demographic	
DP02_0095PE	Citizenship	
DP02_0096PE	Citizenship	
DP02_0097PE	Citizenship	
DP04_0006PE	House	
DP04_0008PE	House	
DP04_0007PE	House	Structure - Units
DP04_0012PE	House	Structure - Units
DP04_0009PE	House	Structure - Units
DP04_0013PE	House	Structure - Units
DP04_0010PE	House	Structure - Units
DP04_0011PE	House	Structure - Units
DP04_0015PE	House	Structure - Units
DP04_0014PE	House	Structure - Units
DP04_0080PE	House	Value
DP04_0088PE	House	
DP04_0083PE	House	Value
DP04_0084PE	House	Value
DP04_0085PE	House	Value
DP04_0086PE	House	Value
DP04_0082PE	House	Value
DP04_0087PE	House	
DP04_0081PE	House	Value
DP04_0057PE	House	Characteristics
DP04_0059PE	House	
DP04_0060PE	House	
DP04_0061PE	House	
DP04_0058PE	House	
DP02_0069PE	Demographic	
DP02_0070PE	Demographic	Veterans
DP02_0105PE	Birth	
DP02_0108PE	Birth	
DP02_0107PE	Birth	
DP02_0106PE	Birth	
DP02_0110PE	Birth	
DP02_0111PE	Birth	
DP02_0109PE	Birth	
DP04_0050PE	House	
DP04_0056PE	House	
DP04_0055PE	House	
DP04_0054PE	House	
DP04_0053PE	House	
DP04_0052PE	House	
DP04_0051PE	House	
DP02_0098PE	Immigration	
DP02_0102PE	Immigration	
DP02_0103PE	Immigration	
DP02_0104PE	Immigration	
DP02_0099PE	Immigration	
DP02_0100PE	Immigration	
DP02_0101PE	Immigration	
DP04_0016PE	House	
DP04_0026PE	House	Year Built
DP04_0025PE	House	
DP04_0024PE	House	Year Built
DP04_0023PE	House	Year Built
DP04_0022PE	House	Year Built
DP04_0021PE	House	Year Built
DP04_0020PE	House	Year Built
DP04_0019PE	House	Year Built
DP04_0018PE	House	
DP04_0017PE	House	